,name,num_games,wins,losses,draws,win_likelhood,balance,batch_balance
0,bb,1000,669,271,60,0.6990000000000001,9305.0,1830.5
1,random,1000,442,406,152,0.518,4390.0,1339.0
2,hi_lo,1000,591,335,74,0.6280000000000001,6515.0,1551.5
3,ko,1000,594,305,101,0.6445000000000001,6860.0,1586.0
4,zen,1000,596,312,92,0.6420000000000001,6820.0,1582.0
5,ten,1000,615,319,66,0.648,7035.0,1603.5
6,halves,1000,598,316,86,0.641,6810.0,1581.0
7,uston,1000,384,410,206,0.487,2640.0,1164.0
