,name,num_games,wins,losses,draws,win_likelhood,balance,batch_balance
0,bb,1000,640,298,62,0.6710000000000002,8520.0,1752.0
1,random,1000,444,415,141,0.5145000000000001,3595.0,1259.5
2,hi_lo,1000,604,314,82,0.645,6920.0,1592.0
3,ko,1000,621,294,85,0.6635,7375.0,1637.5
4,zen,1000,595,334,71,0.6305,6585.0,1558.5
5,ten,1000,622,320,58,0.6510000000000001,7130.0,1613.0
6,halves,1000,593,314,93,0.6395,6755.0,1575.5
7,uston,1000,421,389,190,0.516,4050.0,1305.0
