,name,num_games,wins,losses,draws,win_likelhood,balance,batch_balance
0,bb,1000,691,253,56,0.7190000000000001,9730.0,1873.0
1,random,1000,508,342,150,0.5830000000000001,6240.0,1524.0
2,hi_lo,1000,603,339,58,0.632,6655.0,1565.5
3,ko,1000,566,342,92,0.6119999999999999,6070.0,1507.0
4,zen,1000,591,331,78,0.63,6560.0,1556.0
5,ten,1000,544,353,103,0.5954999999999999,5630.0,1463.0
6,halves,1000,614,308,78,0.6529999999999999,7130.0,1613.0
7,uston,1000,408,390,202,0.5090000000000001,3885.0,1288.5
