,name,num_games,wins,losses,draws,win_likelhood,balance,batch_balance
0,bb,1000,624,302,74,0.6610000000000001,8235.0,1723.5
1,random,1000,481,339,180,0.571,5545.0,1454.5
2,hi_lo,1000,614,312,74,0.651,7090.0,1609.0
3,ko,1000,593,311,96,0.641,6785.0,1578.5
4,zen,1000,583,320,97,0.6315000000000001,6545.0,1554.5
5,ten,1000,625,320,55,0.6525000000000001,7175.0,1617.5
6,halves,1000,597,313,90,0.6419999999999999,6825.0,1582.5
7,uston,1000,399,395,206,0.5020000000000001,2965.0,1196.5
