,name,num_games,wins,losses,draws,win_likelhood,balance,batch_balance
0,bb,1000,651,283,66,0.6839999999999999,8525.0,1752.5
1,random,1000,475,386,139,0.5445,4540.0,1354.0
2,hi_lo,1000,618,297,85,0.6605000000000001,7300.0,1630.0
3,ko,1000,608,293,99,0.6575000000000001,7190.0,1619.0
4,zen,1000,591,316,93,0.6375,6705.0,1570.5
5,ten,1000,601,317,82,0.6420000000000001,6845.0,1584.5
6,halves,1000,583,329,88,0.627,6455.0,1545.5
7,uston,1000,404,413,183,0.4955,3170.0,1217.0
